Country Name,Country Code,Income Group,Year,Research Expenditure
Argentina,ARG,Upper middle income,2000,0.43884
Argentina,ARG,Upper middle income,2001,0.42461
Argentina,ARG,Upper middle income,2002,0.38886
Argentina,ARG,Upper middle income,2003,0.41013
Argentina,ARG,Upper middle income,2004,0.40376
Argentina,ARG,Upper middle income,2005,0.42074
Argentina,ARG,Upper middle income,2006,0.45216
Argentina,ARG,Upper middle income,2007,0.46007
Argentina,ARG,Upper middle income,2008,0.47055
Argentina,ARG,Upper middle income,2009,0.58398
Argentina,ARG,Upper middle income,2010,0.56104
Argentina,ARG,Upper middle income,2011,0.56597
Argentina,ARG,Upper middle income,2012,0.63491
Argentina,ARG,Upper middle income,2013,0.61849
Argentina,ARG,Upper middle income,2014,0.59396
Argentina,ARG,Upper middle income,2015,0.62262
Argentina,ARG,Upper middle income,2016,0.55815
Argentina,ARG,Upper middle income,2017,0.54152
Armenia,ARM,Upper middle income,2000,0.19106
Armenia,ARM,Upper middle income,2001,0.27987
Armenia,ARM,Upper middle income,2002,0.25255
Armenia,ARM,Upper middle income,2003,0.32109
Armenia,ARM,Upper middle income,2004,0.25659
Armenia,ARM,Upper middle income,2005,0.25761
Armenia,ARM,Upper middle income,2006,0.24057
Armenia,ARM,Upper middle income,2007,0.21107
Armenia,ARM,Upper middle income,2008,0.22438
Armenia,ARM,Upper middle income,2009,0.29093
Armenia,ARM,Upper middle income,2010,0.24139
Armenia,ARM,Upper middle income,2011,0.27014
Armenia,ARM,Upper middle income,2012,0.23853
Armenia,ARM,Upper middle income,2013,0.22216
Armenia,ARM,Upper middle income,2014,0.24151
Armenia,ARM,Upper middle income,2015,0.25002
Armenia,ARM,Upper middle income,2016,0.23305
Armenia,ARM,Upper middle income,2017,0.22788
Austria,AUT,High income,2000,1.88602
Austria,AUT,High income,2001,1.9921
Austria,AUT,High income,2002,2.06598
Austria,AUT,High income,2003,2.17456
Austria,AUT,High income,2004,2.16612
Austria,AUT,High income,2005,2.37324
Austria,AUT,High income,2006,2.35923
Austria,AUT,High income,2007,2.41843
Austria,AUT,High income,2008,2.56945
Austria,AUT,High income,2009,2.59674
Austria,AUT,High income,2010,2.7261
Austria,AUT,High income,2011,2.66868
Austria,AUT,High income,2012,2.91472
Austria,AUT,High income,2013,2.95492
Austria,AUT,High income,2014,3.08429
Austria,AUT,High income,2015,3.04979
Austria,AUT,High income,2016,3.12588
Austria,AUT,High income,2017,3.05212
Azerbaijan,AZE,Upper middle income,2000,0.336
Azerbaijan,AZE,Upper middle income,2001,0.34001
Azerbaijan,AZE,Upper middle income,2002,0.30155
Azerbaijan,AZE,Upper middle income,2003,0.32496
Azerbaijan,AZE,Upper middle income,2004,0.29831
Azerbaijan,AZE,Upper middle income,2005,0.21994
Azerbaijan,AZE,Upper middle income,2006,0.17165
Azerbaijan,AZE,Upper middle income,2007,0.17006
Azerbaijan,AZE,Upper middle income,2008,0.16554
Azerbaijan,AZE,Upper middle income,2009,0.24976
Azerbaijan,AZE,Upper middle income,2010,0.21848
Azerbaijan,AZE,Upper middle income,2011,0.21084
Azerbaijan,AZE,Upper middle income,2012,0.21427
Azerbaijan,AZE,Upper middle income,2013,0.20969
Azerbaijan,AZE,Upper middle income,2014,0.20978
Azerbaijan,AZE,Upper middle income,2015,0.22232
Azerbaijan,AZE,Upper middle income,2016,0.20637
Azerbaijan,AZE,Upper middle income,2017,0.18468
Belgium,BEL,High income,2000,1.92236
Belgium,BEL,High income,2001,2.02168
Belgium,BEL,High income,2002,1.89073
Belgium,BEL,High income,2003,1.83184
Belgium,BEL,High income,2004,1.80898
Belgium,BEL,High income,2005,1.78231
Belgium,BEL,High income,2006,1.81426
Belgium,BEL,High income,2007,1.84413
Belgium,BEL,High income,2008,1.92413
Belgium,BEL,High income,2009,1.98537
Belgium,BEL,High income,2010,2.05081
Belgium,BEL,High income,2011,2.15533
Belgium,BEL,High income,2012,2.27334
Belgium,BEL,High income,2013,2.33393
Belgium,BEL,High income,2014,2.38729
Belgium,BEL,High income,2015,2.46123
Belgium,BEL,High income,2016,2.55595
Belgium,BEL,High income,2017,2.70234
Bulgaria,BGR,Upper middle income,2000,0.49866
Bulgaria,BGR,Upper middle income,2001,0.45052
Bulgaria,BGR,Upper middle income,2002,0.46834
Bulgaria,BGR,Upper middle income,2003,0.47587
Bulgaria,BGR,Upper middle income,2004,0.47449
Bulgaria,BGR,Upper middle income,2005,0.44617
Bulgaria,BGR,Upper middle income,2006,0.4454
Bulgaria,BGR,Upper middle income,2007,0.43024
Bulgaria,BGR,Upper middle income,2008,0.44787
Bulgaria,BGR,Upper middle income,2009,0.4947
Bulgaria,BGR,Upper middle income,2010,0.56387
Bulgaria,BGR,Upper middle income,2011,0.53191
Bulgaria,BGR,Upper middle income,2012,0.60479
Bulgaria,BGR,Upper middle income,2013,0.63724
Bulgaria,BGR,Upper middle income,2014,0.79377
Bulgaria,BGR,Upper middle income,2015,0.96015
Bulgaria,BGR,Upper middle income,2016,0.78006
Bulgaria,BGR,Upper middle income,2017,0.75239
Belarus,BLR,Upper middle income,2000,0.7221
Belarus,BLR,Upper middle income,2001,0.70876
Belarus,BLR,Upper middle income,2002,0.6209
Belarus,BLR,Upper middle income,2003,0.61147
Belarus,BLR,Upper middle income,2004,0.62759
Belarus,BLR,Upper middle income,2005,0.67852
Belarus,BLR,Upper middle income,2006,0.66065
Belarus,BLR,Upper middle income,2007,0.96203
Belarus,BLR,Upper middle income,2008,0.74147
Belarus,BLR,Upper middle income,2009,0.62167
Belarus,BLR,Upper middle income,2010,0.65268
Belarus,BLR,Upper middle income,2011,0.6776
Belarus,BLR,Upper middle income,2012,0.64603
Belarus,BLR,Upper middle income,2013,0.65191
Belarus,BLR,Upper middle income,2014,0.50548
Belarus,BLR,Upper middle income,2015,0.49999
Belarus,BLR,Upper middle income,2016,0.50063
Belarus,BLR,Upper middle income,2017,0.58411
Brazil,BRA,Upper middle income,2000,1.04751
Brazil,BRA,Upper middle income,2001,1.06198
Brazil,BRA,Upper middle income,2002,1.00968
Brazil,BRA,Upper middle income,2003,0.99939
Brazil,BRA,Upper middle income,2004,0.96343
Brazil,BRA,Upper middle income,2005,1.00246
Brazil,BRA,Upper middle income,2006,0.98807
Brazil,BRA,Upper middle income,2007,1.08138
Brazil,BRA,Upper middle income,2008,1.12904
Brazil,BRA,Upper middle income,2009,1.11866
Brazil,BRA,Upper middle income,2010,1.15992
Brazil,BRA,Upper middle income,2011,1.13966
Brazil,BRA,Upper middle income,2012,1.12684
Brazil,BRA,Upper middle income,2013,1.19567
Brazil,BRA,Upper middle income,2014,1.27131
Brazil,BRA,Upper middle income,2015,1.34264
Brazil,BRA,Upper middle income,2016,1.26417
Brazil,BRA,Upper middle income,2017,1.26326
Canada,CAN,High income,2000,1.86469
Canada,CAN,High income,2001,2.02831
Canada,CAN,High income,2002,1.97873
Canada,CAN,High income,2003,1.97478
Canada,CAN,High income,2004,2.00416
Canada,CAN,High income,2005,1.97759
Canada,CAN,High income,2006,1.94872
Canada,CAN,High income,2007,1.90857
Canada,CAN,High income,2008,1.8604
Canada,CAN,High income,2009,1.92227
Canada,CAN,High income,2010,1.82958
Canada,CAN,High income,2011,1.79132
Canada,CAN,High income,2012,1.7766
Canada,CAN,High income,2013,1.70964
Canada,CAN,High income,2014,1.71824
Canada,CAN,High income,2015,1.69718
Canada,CAN,High income,2016,1.73019
Canada,CAN,High income,2017,1.67165
Chile,CHL,High income,2000,0.30957
Chile,CHL,High income,2001,0.30957
Chile,CHL,High income,2002,0.30957
Chile,CHL,High income,2003,0.30957
Chile,CHL,High income,2004,0.30957
Chile,CHL,High income,2005,0.30957
Chile,CHL,High income,2006,0.30957
Chile,CHL,High income,2007,0.30957
Chile,CHL,High income,2008,0.37497
Chile,CHL,High income,2009,0.35202
Chile,CHL,High income,2010,0.32947
Chile,CHL,High income,2011,0.35144
Chile,CHL,High income,2012,0.3622
Chile,CHL,High income,2013,0.3887
Chile,CHL,High income,2014,0.37503
Chile,CHL,High income,2015,0.38073
Chile,CHL,High income,2016,0.36949
Chile,CHL,High income,2017,0.35518
China,CHN,Upper middle income,2000,0.89316
China,CHN,Upper middle income,2001,0.94033
China,CHN,Upper middle income,2002,1.05786
China,CHN,Upper middle income,2003,1.12037
China,CHN,Upper middle income,2004,1.21498
China,CHN,Upper middle income,2005,1.30792
China,CHN,Upper middle income,2006,1.36854
China,CHN,Upper middle income,2007,1.37369
China,CHN,Upper middle income,2008,1.44592
China,CHN,Upper middle income,2009,1.6648
China,CHN,Upper middle income,2010,1.71372
China,CHN,Upper middle income,2011,1.78034
China,CHN,Upper middle income,2012,1.91214
China,CHN,Upper middle income,2013,1.99786
China,CHN,Upper middle income,2014,2.02963
China,CHN,Upper middle income,2015,2.0656
China,CHN,Upper middle income,2016,2.11831
China,CHN,Upper middle income,2017,2.14512
Colombia,COL,Upper middle income,2000,0.12999
Colombia,COL,Upper middle income,2001,0.13183
Colombia,COL,Upper middle income,2002,0.13944
Colombia,COL,Upper middle income,2003,0.15602
Colombia,COL,Upper middle income,2004,0.15353
Colombia,COL,Upper middle income,2005,0.15131
Colombia,COL,Upper middle income,2006,0.1499
Colombia,COL,Upper middle income,2007,0.18498
Colombia,COL,Upper middle income,2008,0.20164
Colombia,COL,Upper middle income,2009,0.196
Colombia,COL,Upper middle income,2010,0.19532
Colombia,COL,Upper middle income,2011,0.20625
Colombia,COL,Upper middle income,2012,0.234
Colombia,COL,Upper middle income,2013,0.27128
Colombia,COL,Upper middle income,2014,0.30563
Colombia,COL,Upper middle income,2015,0.28975
Colombia,COL,Upper middle income,2016,0.26694
Colombia,COL,Upper middle income,2017,0.24294
Costa Rica,CRI,Upper middle income,2000,0.41311
Costa Rica,CRI,Upper middle income,2001,0.36349
Costa Rica,CRI,Upper middle income,2002,0.36349
Costa Rica,CRI,Upper middle income,2003,0.36349
Costa Rica,CRI,Upper middle income,2004,0.37452
Costa Rica,CRI,Upper middle income,2005,0.42906
Costa Rica,CRI,Upper middle income,2006,0.42906
Costa Rica,CRI,Upper middle income,2007,0.35842
Costa Rica,CRI,Upper middle income,2008,0.38831
Costa Rica,CRI,Upper middle income,2009,0.52028
Costa Rica,CRI,Upper middle income,2010,0.48492
Costa Rica,CRI,Upper middle income,2011,0.46782
Costa Rica,CRI,Upper middle income,2012,0.55606
Costa Rica,CRI,Upper middle income,2013,0.55567
Costa Rica,CRI,Upper middle income,2014,0.57209
Costa Rica,CRI,Upper middle income,2015,0.44993
Costa Rica,CRI,Upper middle income,2016,0.42926
Costa Rica,CRI,Upper middle income,2017,0.42336
Cuba,CUB,Upper middle income,2000,0.47865
Cuba,CUB,Upper middle income,2001,0.5653
Cuba,CUB,Upper middle income,2002,0.56445
Cuba,CUB,Upper middle income,2003,0.58243
Cuba,CUB,Upper middle income,2004,0.60231
Cuba,CUB,Upper middle income,2005,0.5492
Cuba,CUB,Upper middle income,2006,0.44139
Cuba,CUB,Upper middle income,2007,0.43615
Cuba,CUB,Upper middle income,2008,0.50061
Cuba,CUB,Upper middle income,2009,0.61485
Cuba,CUB,Upper middle income,2010,0.60767
Cuba,CUB,Upper middle income,2011,0.27192
Cuba,CUB,Upper middle income,2012,0.40716
Cuba,CUB,Upper middle income,2013,0.47467
Cuba,CUB,Upper middle income,2014,0.41596
Cuba,CUB,Upper middle income,2015,0.42854
Cuba,CUB,Upper middle income,2016,0.34223
Cuba,CUB,Upper middle income,2017,0.43066
Cyprus,CYP,High income,2000,0.2269
Cyprus,CYP,High income,2001,0.23694
Cyprus,CYP,High income,2002,0.27967
Cyprus,CYP,High income,2003,0.31834
Cyprus,CYP,High income,2004,0.33564
Cyprus,CYP,High income,2005,0.36727
Cyprus,CYP,High income,2006,0.38346
Cyprus,CYP,High income,2007,0.40007
Cyprus,CYP,High income,2008,0.38601
Cyprus,CYP,High income,2009,0.44442
Cyprus,CYP,High income,2010,0.44663
Cyprus,CYP,High income,2011,0.45554
Cyprus,CYP,High income,2012,0.43778
Cyprus,CYP,High income,2013,0.48218
Cyprus,CYP,High income,2014,0.50835
Cyprus,CYP,High income,2015,0.48059
Cyprus,CYP,High income,2016,0.53442
Cyprus,CYP,High income,2017,0.56092
Czech Republic,CZE,High income,2000,1.11319
Czech Republic,CZE,High income,2001,1.10333
Czech Republic,CZE,High income,2002,1.10202
Czech Republic,CZE,High income,2003,1.14741
Czech Republic,CZE,High income,2004,1.14559
Czech Republic,CZE,High income,2005,1.16835
Czech Republic,CZE,High income,2006,1.23173
Czech Republic,CZE,High income,2007,1.30228
Czech Republic,CZE,High income,2008,1.23933
Czech Republic,CZE,High income,2009,1.29438
Czech Republic,CZE,High income,2010,1.33688
Czech Republic,CZE,High income,2011,1.55571
Czech Republic,CZE,High income,2012,1.78231
Czech Republic,CZE,High income,2013,1.89973
Czech Republic,CZE,High income,2014,1.97285
Czech Republic,CZE,High income,2015,1.92923
Czech Republic,CZE,High income,2016,1.68015
Czech Republic,CZE,High income,2017,1.79079
Germany,DEU,High income,2000,2.4014
Germany,DEU,High income,2001,2.39631
Germany,DEU,High income,2002,2.4239
Germany,DEU,High income,2003,2.46513
Germany,DEU,High income,2004,2.4265
Germany,DEU,High income,2005,2.42861
Germany,DEU,High income,2006,2.46388
Germany,DEU,High income,2007,2.44709
Germany,DEU,High income,2008,2.59957
Germany,DEU,High income,2009,2.72644
Germany,DEU,High income,2010,2.71367
Germany,DEU,High income,2011,2.79562
Germany,DEU,High income,2012,2.86813
Germany,DEU,High income,2013,2.82105
Germany,DEU,High income,2014,2.86691
Germany,DEU,High income,2015,2.91197
Germany,DEU,High income,2016,2.91712
Germany,DEU,High income,2017,3.03763
Denmark,DNK,High income,2000,2.32466
Denmark,DNK,High income,2001,2.32466
Denmark,DNK,High income,2002,2.44145
Denmark,DNK,High income,2003,2.51085
Denmark,DNK,High income,2004,2.41916
Denmark,DNK,High income,2005,2.39337
Denmark,DNK,High income,2006,2.403
Denmark,DNK,High income,2007,2.51541
Denmark,DNK,High income,2008,2.77346
Denmark,DNK,High income,2009,3.05514
Denmark,DNK,High income,2010,2.91707
Denmark,DNK,High income,2011,2.94465
Denmark,DNK,High income,2012,2.98125
Denmark,DNK,High income,2013,2.97048
Denmark,DNK,High income,2014,2.91409
Denmark,DNK,High income,2015,3.05497
Denmark,DNK,High income,2016,3.10401
Denmark,DNK,High income,2017,3.046
"Egypt, Arab Rep.",EGY,Lower middle income,2000,0.19247
"Egypt, Arab Rep.",EGY,Lower middle income,2001,0.19247
"Egypt, Arab Rep.",EGY,Lower middle income,2002,0.19247
"Egypt, Arab Rep.",EGY,Lower middle income,2003,0.19247
"Egypt, Arab Rep.",EGY,Lower middle income,2004,0.26994
"Egypt, Arab Rep.",EGY,Lower middle income,2005,0.24141
"Egypt, Arab Rep.",EGY,Lower middle income,2006,0.25903
"Egypt, Arab Rep.",EGY,Lower middle income,2007,0.2551
"Egypt, Arab Rep.",EGY,Lower middle income,2008,0.27024
"Egypt, Arab Rep.",EGY,Lower middle income,2009,0.43312
"Egypt, Arab Rep.",EGY,Lower middle income,2010,0.43345
"Egypt, Arab Rep.",EGY,Lower middle income,2011,0.53154
"Egypt, Arab Rep.",EGY,Lower middle income,2012,0.50899
"Egypt, Arab Rep.",EGY,Lower middle income,2013,0.63895
"Egypt, Arab Rep.",EGY,Lower middle income,2014,0.63649
"Egypt, Arab Rep.",EGY,Lower middle income,2015,0.71858
"Egypt, Arab Rep.",EGY,Lower middle income,2016,0.70848
"Egypt, Arab Rep.",EGY,Lower middle income,2017,0.67941
Spain,ESP,High income,2000,0.88495
Spain,ESP,High income,2001,0.89019
Spain,ESP,High income,2002,0.96005
Spain,ESP,High income,2003,1.02219
Spain,ESP,High income,2004,1.03849
Spain,ESP,High income,2005,1.09577
Spain,ESP,High income,2006,1.17217
Spain,ESP,High income,2007,1.23448
Spain,ESP,High income,2008,1.31706
Spain,ESP,High income,2009,1.35134
Spain,ESP,High income,2010,1.34961
Spain,ESP,High income,2011,1.32508
Spain,ESP,High income,2012,1.28788
Spain,ESP,High income,2013,1.26859
Spain,ESP,High income,2014,1.23535
Spain,ESP,High income,2015,1.21832
Spain,ESP,High income,2016,1.18526
Spain,ESP,High income,2017,1.2058
Estonia,EST,High income,2000,0.60009
Estonia,EST,High income,2001,0.69946
Estonia,EST,High income,2002,0.71649
Estonia,EST,High income,2003,0.76777
Estonia,EST,High income,2004,0.85193
Estonia,EST,High income,2005,0.92364
Estonia,EST,High income,2006,1.11666
Estonia,EST,High income,2007,1.06884
Estonia,EST,High income,2008,1.25952
Estonia,EST,High income,2009,1.39541
Estonia,EST,High income,2010,1.58162
Estonia,EST,High income,2011,2.30655
Estonia,EST,High income,2012,2.12265
Estonia,EST,High income,2013,1.72216
Estonia,EST,High income,2014,1.42931
Estonia,EST,High income,2015,1.46604
Estonia,EST,High income,2016,1.2468
Estonia,EST,High income,2017,1.28867
Finland,FIN,High income,2000,3.24569
Finland,FIN,High income,2001,3.19795
Finland,FIN,High income,2002,3.2574
Finland,FIN,High income,2003,3.30214
Finland,FIN,High income,2004,3.31494
Finland,FIN,High income,2005,3.32976
Finland,FIN,High income,2006,3.33762
Finland,FIN,High income,2007,3.34577
Finland,FIN,High income,2008,3.54708
Finland,FIN,High income,2009,3.74883
Finland,FIN,High income,2010,3.72598
Finland,FIN,High income,2011,3.63881
Finland,FIN,High income,2012,3.41948
Finland,FIN,High income,2013,3.28719
Finland,FIN,High income,2014,3.16931
Finland,FIN,High income,2015,2.89157
Finland,FIN,High income,2016,2.74264
Finland,FIN,High income,2017,2.7569
France,FRA,High income,2000,2.09346
France,FRA,High income,2001,2.13804
France,FRA,High income,2002,2.17449
France,FRA,High income,2003,2.11994
France,FRA,High income,2004,2.09461
France,FRA,High income,2005,2.05151
France,FRA,High income,2006,2.05094
France,FRA,High income,2007,2.02451
France,FRA,High income,2008,2.06117
France,FRA,High income,2009,2.21207
France,FRA,High income,2010,2.17857
France,FRA,High income,2011,2.19161
France,FRA,High income,2012,2.22707
France,FRA,High income,2013,2.23703
France,FRA,High income,2014,2.27592
France,FRA,High income,2015,2.26703
France,FRA,High income,2016,2.22238
France,FRA,High income,2017,2.20557
United Kingdom,GBR,High income,2000,1.62649
United Kingdom,GBR,High income,2001,1.61903
United Kingdom,GBR,High income,2002,1.6254
United Kingdom,GBR,High income,2003,1.5895
United Kingdom,GBR,High income,2004,1.5423
United Kingdom,GBR,High income,2005,1.5612
United Kingdom,GBR,High income,2006,1.58285
United Kingdom,GBR,High income,2007,1.62165
United Kingdom,GBR,High income,2008,1.62307
United Kingdom,GBR,High income,2009,1.6825
United Kingdom,GBR,High income,2010,1.66063
United Kingdom,GBR,High income,2011,1.66488
United Kingdom,GBR,High income,2012,1.59382
United Kingdom,GBR,High income,2013,1.63938
United Kingdom,GBR,High income,2014,1.65915
United Kingdom,GBR,High income,2015,1.66818
United Kingdom,GBR,High income,2016,1.68211
United Kingdom,GBR,High income,2017,1.69829
Greece,GRC,High income,2000,0.55948
Greece,GRC,High income,2001,0.55948
Greece,GRC,High income,2002,0.55948
Greece,GRC,High income,2003,0.54654
Greece,GRC,High income,2004,0.5273
Greece,GRC,High income,2005,0.57896
Greece,GRC,High income,2006,0.56118
Greece,GRC,High income,2007,0.57655
Greece,GRC,High income,2008,0.66183
Greece,GRC,High income,2009,0.62557
Greece,GRC,High income,2010,0.59838
Greece,GRC,High income,2011,0.67196
Greece,GRC,High income,2012,0.69957
Greece,GRC,High income,2013,0.81131
Greece,GRC,High income,2014,0.8333
Greece,GRC,High income,2015,0.96121
Greece,GRC,High income,2016,0.99394
Greece,GRC,High income,2017,1.13109
Guatemala,GTM,Upper middle income,2000,0.035
Guatemala,GTM,Upper middle income,2001,0.035
Guatemala,GTM,Upper middle income,2002,0.035
Guatemala,GTM,Upper middle income,2003,0.035
Guatemala,GTM,Upper middle income,2004,0.035
Guatemala,GTM,Upper middle income,2005,0.035
Guatemala,GTM,Upper middle income,2006,0.0493
Guatemala,GTM,Upper middle income,2007,0.06674
Guatemala,GTM,Upper middle income,2008,0.06188
Guatemala,GTM,Upper middle income,2009,0.0553
Guatemala,GTM,Upper middle income,2010,0.0435
Guatemala,GTM,Upper middle income,2011,0.04814
Guatemala,GTM,Upper middle income,2012,0.04471
Guatemala,GTM,Upper middle income,2013,0.03854
Guatemala,GTM,Upper middle income,2014,0.02905
Guatemala,GTM,Upper middle income,2015,0.02988
Guatemala,GTM,Upper middle income,2016,0.02224
Guatemala,GTM,Upper middle income,2017,0.028
"Hong Kong SAR, China",HKG,High income,2000,0.46493
"Hong Kong SAR, China",HKG,High income,2001,0.53645
"Hong Kong SAR, China",HKG,High income,2002,0.58147
"Hong Kong SAR, China",HKG,High income,2003,0.68027
"Hong Kong SAR, China",HKG,High income,2004,0.72176
"Hong Kong SAR, China",HKG,High income,2005,0.77343
"Hong Kong SAR, China",HKG,High income,2006,0.79468
"Hong Kong SAR, China",HKG,High income,2007,0.75161
"Hong Kong SAR, China",HKG,High income,2008,0.71996
"Hong Kong SAR, China",HKG,High income,2009,0.77342
"Hong Kong SAR, China",HKG,High income,2010,0.74946
"Hong Kong SAR, China",HKG,High income,2011,0.72086
"Hong Kong SAR, China",HKG,High income,2012,0.72733
"Hong Kong SAR, China",HKG,High income,2013,0.73017
"Hong Kong SAR, China",HKG,High income,2014,0.74014
"Hong Kong SAR, China",HKG,High income,2015,0.76183
"Hong Kong SAR, China",HKG,High income,2016,0.79149
"Hong Kong SAR, China",HKG,High income,2017,0.79925
Croatia,HRV,High income,2000,1.0441
Croatia,HRV,High income,2001,0.91644
Croatia,HRV,High income,2002,0.94846
Croatia,HRV,High income,2003,0.95034
Croatia,HRV,High income,2004,1.03207
Croatia,HRV,High income,2005,0.85689
Croatia,HRV,High income,2006,0.74081
Croatia,HRV,High income,2007,0.79187
Croatia,HRV,High income,2008,0.88397
Croatia,HRV,High income,2009,0.84323
Croatia,HRV,High income,2010,0.7422
Croatia,HRV,High income,2011,0.75041
Croatia,HRV,High income,2012,0.75029
Croatia,HRV,High income,2013,0.81016
Croatia,HRV,High income,2014,0.78252
Croatia,HRV,High income,2015,0.84027
Croatia,HRV,High income,2016,0.8627
Croatia,HRV,High income,2017,0.8645
Hungary,HUN,High income,2000,0.78942
Hungary,HUN,High income,2001,0.91189
Hungary,HUN,High income,2002,0.98198
Hungary,HUN,High income,2003,0.91841
Hungary,HUN,High income,2004,0.86035
Hungary,HUN,High income,2005,0.92094
Hungary,HUN,High income,2006,0.98097
Hungary,HUN,High income,2007,0.95674
Hungary,HUN,High income,2008,0.9796
Hungary,HUN,High income,2009,1.13212
Hungary,HUN,High income,2010,1.13945
Hungary,HUN,High income,2011,1.18897
Hungary,HUN,High income,2012,1.26362
Hungary,HUN,High income,2013,1.38884
Hungary,HUN,High income,2014,1.35373
Hungary,HUN,High income,2015,1.36245
Hungary,HUN,High income,2016,1.20423
Hungary,HUN,High income,2017,1.3486
India,IND,Lower middle income,2000,0.75699
India,IND,Lower middle income,2001,0.73591
India,IND,Lower middle income,2002,0.72567
India,IND,Lower middle income,2003,0.71929
India,IND,Lower middle income,2004,0.7569
India,IND,Lower middle income,2005,0.82411
India,IND,Lower middle income,2006,0.80473
India,IND,Lower middle income,2007,0.80507
India,IND,Lower middle income,2008,0.85876
India,IND,Lower middle income,2009,0.83314
India,IND,Lower middle income,2010,0.78849
India,IND,Lower middle income,2011,0.75502
India,IND,Lower middle income,2012,0.74399
India,IND,Lower middle income,2013,0.70642
India,IND,Lower middle income,2014,0.70159
India,IND,Lower middle income,2015,0.6931
India,IND,Lower middle income,2016,0.67111
India,IND,Lower middle income,2017,0.66584
Israel,ISR,High income,2000,3.93624
Israel,ISR,High income,2001,4.18772
Israel,ISR,High income,2002,4.13345
Israel,ISR,High income,2003,3.89787
Israel,ISR,High income,2004,3.87732
Israel,ISR,High income,2005,4.05153
Israel,ISR,High income,2006,4.14236
Israel,ISR,High income,2007,4.42769
Israel,ISR,High income,2008,4.34517
Israel,ISR,High income,2009,4.13326
Israel,ISR,High income,2010,3.93984
Israel,ISR,High income,2011,4.01151
Israel,ISR,High income,2012,4.15735
Israel,ISR,High income,2013,4.09218
Israel,ISR,High income,2014,4.16793
Israel,ISR,High income,2015,4.25592
Israel,ISR,High income,2016,4.50574
Israel,ISR,High income,2017,4.81602
Italy,ITA,High income,2000,1.00546
Italy,ITA,High income,2001,1.04491
Italy,ITA,High income,2002,1.08482
Italy,ITA,High income,2003,1.06198
Italy,ITA,High income,2004,1.05312
Italy,ITA,High income,2005,1.04709
Italy,ITA,High income,2006,1.08696
Italy,ITA,High income,2007,1.1327
Italy,ITA,High income,2008,1.16367
Italy,ITA,High income,2009,1.22126
Italy,ITA,High income,2010,1.22311
Italy,ITA,High income,2011,1.20984
Italy,ITA,High income,2012,1.27087
Italy,ITA,High income,2013,1.30768
Italy,ITA,High income,2014,1.34301
Italy,ITA,High income,2015,1.34115
Italy,ITA,High income,2016,1.37124
Italy,ITA,High income,2017,1.37744
Japan,JPN,High income,2000,2.90569
Japan,JPN,High income,2001,2.97183
Japan,JPN,High income,2002,3.01394
Japan,JPN,High income,2003,3.04295
Japan,JPN,High income,2004,3.02952
Japan,JPN,High income,2005,3.18099
Japan,JPN,High income,2006,3.27844
Japan,JPN,High income,2007,3.3396
Japan,JPN,High income,2008,3.33718
Japan,JPN,High income,2009,3.2314
Japan,JPN,High income,2010,3.13708
Japan,JPN,High income,2011,3.24477
Japan,JPN,High income,2012,3.20908
Japan,JPN,High income,2013,3.31496
Japan,JPN,High income,2014,3.40022
Japan,JPN,High income,2015,3.28165
Japan,JPN,High income,2016,3.15522
Japan,JPN,High income,2017,3.21254
Kazakhstan,KAZ,Upper middle income,2000,0.18104
Kazakhstan,KAZ,Upper middle income,2001,0.22009
Kazakhstan,KAZ,Upper middle income,2002,0.25509
Kazakhstan,KAZ,Upper middle income,2003,0.25246
Kazakhstan,KAZ,Upper middle income,2004,0.24837
Kazakhstan,KAZ,Upper middle income,2005,0.28361
Kazakhstan,KAZ,Upper middle income,2006,0.24281
Kazakhstan,KAZ,Upper middle income,2007,0.20884
Kazakhstan,KAZ,Upper middle income,2008,0.21654
Kazakhstan,KAZ,Upper middle income,2009,0.22924
Kazakhstan,KAZ,Upper middle income,2010,0.15341
Kazakhstan,KAZ,Upper middle income,2011,0.15349
Kazakhstan,KAZ,Upper middle income,2012,0.16525
Kazakhstan,KAZ,Upper middle income,2013,0.17132
Kazakhstan,KAZ,Upper middle income,2014,0.16722
Kazakhstan,KAZ,Upper middle income,2015,0.16951
Kazakhstan,KAZ,Upper middle income,2016,0.14179
Kazakhstan,KAZ,Upper middle income,2017,0.12972
Kyrgyz Republic,KGZ,Lower middle income,2000,0.15637
Kyrgyz Republic,KGZ,Lower middle income,2001,0.17189
Kyrgyz Republic,KGZ,Lower middle income,2002,0.1981
Kyrgyz Republic,KGZ,Lower middle income,2003,0.22272
Kyrgyz Republic,KGZ,Lower middle income,2004,0.19926
Kyrgyz Republic,KGZ,Lower middle income,2005,0.19861
Kyrgyz Republic,KGZ,Lower middle income,2006,0.23014
Kyrgyz Republic,KGZ,Lower middle income,2007,0.23425
Kyrgyz Republic,KGZ,Lower middle income,2008,0.19017
Kyrgyz Republic,KGZ,Lower middle income,2009,0.15997
Kyrgyz Republic,KGZ,Lower middle income,2010,0.15547
Kyrgyz Republic,KGZ,Lower middle income,2011,0.15633
Kyrgyz Republic,KGZ,Lower middle income,2012,0.1661
Kyrgyz Republic,KGZ,Lower middle income,2013,0.14914
Kyrgyz Republic,KGZ,Lower middle income,2014,0.12536
Kyrgyz Republic,KGZ,Lower middle income,2015,0.11903
Kyrgyz Republic,KGZ,Lower middle income,2016,0.11121
Kyrgyz Republic,KGZ,Lower middle income,2017,0.10707
"Korea, Rep.",KOR,High income,2000,2.18023
"Korea, Rep.",KOR,High income,2001,2.34108
"Korea, Rep.",KOR,High income,2002,2.27382
"Korea, Rep.",KOR,High income,2003,2.3515
"Korea, Rep.",KOR,High income,2004,2.53248
"Korea, Rep.",KOR,High income,2005,2.62617
"Korea, Rep.",KOR,High income,2006,2.83066
"Korea, Rep.",KOR,High income,2007,3.00035
"Korea, Rep.",KOR,High income,2008,3.12343
"Korea, Rep.",KOR,High income,2009,3.29324
"Korea, Rep.",KOR,High income,2010,3.46594
"Korea, Rep.",KOR,High income,2011,3.74361
"Korea, Rep.",KOR,High income,2012,4.02554
"Korea, Rep.",KOR,High income,2013,4.14853
"Korea, Rep.",KOR,High income,2014,4.28874
"Korea, Rep.",KOR,High income,2015,4.21702
"Korea, Rep.",KOR,High income,2016,4.22744
"Korea, Rep.",KOR,High income,2017,4.55324
Kuwait,KWT,High income,2000,0.12543
Kuwait,KWT,High income,2001,0.17882
Kuwait,KWT,High income,2002,0.18001
Kuwait,KWT,High income,2003,0.14347
Kuwait,KWT,High income,2004,0.1301
Kuwait,KWT,High income,2005,0.10083
Kuwait,KWT,High income,2006,0.08478
Kuwait,KWT,High income,2007,0.08585
Kuwait,KWT,High income,2008,0.0855
Kuwait,KWT,High income,2009,0.1122
Kuwait,KWT,High income,2010,0.1014
Kuwait,KWT,High income,2011,0.09898
Kuwait,KWT,High income,2012,0.09721
Kuwait,KWT,High income,2013,0.30153
Kuwait,KWT,High income,2014,0.42705
Kuwait,KWT,High income,2015,0.0966
Kuwait,KWT,High income,2016,0.07985
Kuwait,KWT,High income,2017,0.08118
Lithuania,LTU,High income,2000,0.5848
Lithuania,LTU,High income,2001,0.66679
Lithuania,LTU,High income,2002,0.6567
Lithuania,LTU,High income,2003,0.66339
Lithuania,LTU,High income,2004,0.75066
Lithuania,LTU,High income,2005,0.74741
Lithuania,LTU,High income,2006,0.79119
Lithuania,LTU,High income,2007,0.80093
Lithuania,LTU,High income,2008,0.78844
Lithuania,LTU,High income,2009,0.82967
Lithuania,LTU,High income,2010,0.78348
Lithuania,LTU,High income,2011,0.9039
Lithuania,LTU,High income,2012,0.89469
Lithuania,LTU,High income,2013,0.95088
Lithuania,LTU,High income,2014,1.03048
Lithuania,LTU,High income,2015,1.04095
Lithuania,LTU,High income,2016,0.84329
Lithuania,LTU,High income,2017,0.89808
Luxembourg,LUX,High income,2000,1.57673
Luxembourg,LUX,High income,2001,1.62595
Luxembourg,LUX,High income,2002,1.62595
Luxembourg,LUX,High income,2003,1.62595
Luxembourg,LUX,High income,2004,1.60262
Luxembourg,LUX,High income,2005,1.57171
Luxembourg,LUX,High income,2006,1.66674
Luxembourg,LUX,High income,2007,1.59123
Luxembourg,LUX,High income,2008,1.62293
Luxembourg,LUX,High income,2009,1.6775
Luxembourg,LUX,High income,2010,1.50257
Luxembourg,LUX,High income,2011,1.46277
Luxembourg,LUX,High income,2012,1.27267
Luxembourg,LUX,High income,2013,1.30266
Luxembourg,LUX,High income,2014,1.26404
Luxembourg,LUX,High income,2015,1.28405
Luxembourg,LUX,High income,2016,1.29524
Luxembourg,LUX,High income,2017,1.30327
Latvia,LVA,High income,2000,0.43598
Latvia,LVA,High income,2001,0.40321
Latvia,LVA,High income,2002,0.40888
Latvia,LVA,High income,2003,0.36002
Latvia,LVA,High income,2004,0.40013
Latvia,LVA,High income,2005,0.52959
Latvia,LVA,High income,2006,0.65063
Latvia,LVA,High income,2007,0.55379
Latvia,LVA,High income,2008,0.58139
Latvia,LVA,High income,2009,0.45271
Latvia,LVA,High income,2010,0.61078
Latvia,LVA,High income,2011,0.69662
Latvia,LVA,High income,2012,0.66424
Latvia,LVA,High income,2013,0.6122
Latvia,LVA,High income,2014,0.6893
Latvia,LVA,High income,2015,0.62623
Latvia,LVA,High income,2016,0.44094
Latvia,LVA,High income,2017,0.51012
"Macao SAR, China",MAC,High income,2000,0.06268
"Macao SAR, China",MAC,High income,2001,0.06268
"Macao SAR, China",MAC,High income,2002,0.07004
"Macao SAR, China",MAC,High income,2003,0.06283
"Macao SAR, China",MAC,High income,2004,0.05373
"Macao SAR, China",MAC,High income,2005,0.08809
"Macao SAR, China",MAC,High income,2006,0.08337
"Macao SAR, China",MAC,High income,2007,0.05715
"Macao SAR, China",MAC,High income,2008,0.10159
"Macao SAR, China",MAC,High income,2009,0.05436
"Macao SAR, China",MAC,High income,2010,0.05033
"Macao SAR, China",MAC,High income,2011,0.04444
"Macao SAR, China",MAC,High income,2012,0.04807
"Macao SAR, China",MAC,High income,2013,0.05115
"Macao SAR, China",MAC,High income,2014,0.08705
"Macao SAR, China",MAC,High income,2015,0.13554
"Macao SAR, China",MAC,High income,2016,0.23361
"Macao SAR, China",MAC,High income,2017,0.1715
Moldova,MDA,Lower middle income,2000,0.32405
Moldova,MDA,Lower middle income,2001,0.32405
Moldova,MDA,Lower middle income,2002,0.32405
Moldova,MDA,Lower middle income,2003,0.32405
Moldova,MDA,Lower middle income,2004,0.34903
Moldova,MDA,Lower middle income,2005,0.39865
Moldova,MDA,Lower middle income,2006,0.40622
Moldova,MDA,Lower middle income,2007,0.54558
Moldova,MDA,Lower middle income,2008,0.53463
Moldova,MDA,Lower middle income,2009,0.52557
Moldova,MDA,Lower middle income,2010,0.3665
Moldova,MDA,Lower middle income,2011,0.33764
Moldova,MDA,Lower middle income,2012,0.34907
Moldova,MDA,Lower middle income,2013,0.29783
Moldova,MDA,Lower middle income,2014,0.31105
Moldova,MDA,Lower middle income,2015,0.30943
Moldova,MDA,Lower middle income,2016,0.2769
Moldova,MDA,Lower middle income,2017,0.25374
Mexico,MEX,Upper middle income,2000,0.30613
Mexico,MEX,Upper middle income,2001,0.32418
Mexico,MEX,Upper middle income,2002,0.3543
Mexico,MEX,Upper middle income,2003,0.39314
Mexico,MEX,Upper middle income,2004,0.38816
Mexico,MEX,Upper middle income,2005,0.39844
Mexico,MEX,Upper middle income,2006,0.36922
Mexico,MEX,Upper middle income,2007,0.39833
Mexico,MEX,Upper middle income,2008,0.44387
Mexico,MEX,Upper middle income,2009,0.47954
Mexico,MEX,Upper middle income,2010,0.49485
Mexico,MEX,Upper middle income,2011,0.47129
Mexico,MEX,Upper middle income,2012,0.42096
Mexico,MEX,Upper middle income,2013,0.42503
Mexico,MEX,Upper middle income,2014,0.43549
Mexico,MEX,Upper middle income,2015,0.42986
Mexico,MEX,Upper middle income,2016,0.38801
Mexico,MEX,Upper middle income,2017,0.32829
North Macedonia,MKD,Upper middle income,2000,0.41888
North Macedonia,MKD,Upper middle income,2001,0.2931
North Macedonia,MKD,Upper middle income,2002,0.24461
North Macedonia,MKD,Upper middle income,2003,0.21064
North Macedonia,MKD,Upper middle income,2004,0.23237
North Macedonia,MKD,Upper middle income,2005,0.22825
North Macedonia,MKD,Upper middle income,2006,0.19373
North Macedonia,MKD,Upper middle income,2007,0.17093
North Macedonia,MKD,Upper middle income,2008,0.22358
North Macedonia,MKD,Upper middle income,2009,0.19679
North Macedonia,MKD,Upper middle income,2010,0.21634
North Macedonia,MKD,Upper middle income,2011,0.22276
North Macedonia,MKD,Upper middle income,2012,0.32676
North Macedonia,MKD,Upper middle income,2013,0.43894
North Macedonia,MKD,Upper middle income,2014,0.51646
North Macedonia,MKD,Upper middle income,2015,0.44412
North Macedonia,MKD,Upper middle income,2016,0.43585
North Macedonia,MKD,Upper middle income,2017,0.35525
Malta,MLT,High income,2000,0.2385
Malta,MLT,High income,2001,0.2385
Malta,MLT,High income,2002,0.2385
Malta,MLT,High income,2003,0.23707
Malta,MLT,High income,2004,0.49256
Malta,MLT,High income,2005,0.52996
Malta,MLT,High income,2006,0.58025
Malta,MLT,High income,2007,0.5485
Malta,MLT,High income,2008,0.53331
Malta,MLT,High income,2009,0.5174
Malta,MLT,High income,2010,0.60667
Malta,MLT,High income,2011,0.6738
Malta,MLT,High income,2012,0.82618
Malta,MLT,High income,2013,0.77238
Malta,MLT,High income,2014,0.71197
Malta,MLT,High income,2015,0.74085
Malta,MLT,High income,2016,0.56749
Malta,MLT,High income,2017,0.58275
Mongolia,MNG,Lower middle income,2000,0.18757
Mongolia,MNG,Lower middle income,2001,0.26749
Mongolia,MNG,Lower middle income,2002,0.25173
Mongolia,MNG,Lower middle income,2003,0.2518
Mongolia,MNG,Lower middle income,2004,0.26777
Mongolia,MNG,Lower middle income,2005,0.23776
Mongolia,MNG,Lower middle income,2006,0.19121
Mongolia,MNG,Lower middle income,2007,0.23827
Mongolia,MNG,Lower middle income,2008,0.33667
Mongolia,MNG,Lower middle income,2009,0.30478
Mongolia,MNG,Lower middle income,2010,0.24438
Mongolia,MNG,Lower middle income,2011,0.23054
Mongolia,MNG,Lower middle income,2012,0.23913
Mongolia,MNG,Lower middle income,2013,0.23246
Mongolia,MNG,Lower middle income,2014,0.2234
Mongolia,MNG,Lower middle income,2015,0.15468
Mongolia,MNG,Lower middle income,2016,0.18337
Mongolia,MNG,Lower middle income,2017,0.13475
Netherlands,NLD,High income,2000,1.7898
Netherlands,NLD,High income,2001,1.79609
Netherlands,NLD,High income,2002,1.74543
Netherlands,NLD,High income,2003,1.7839
Netherlands,NLD,High income,2004,1.78901
Netherlands,NLD,High income,2005,1.77388
Netherlands,NLD,High income,2006,1.74067
Netherlands,NLD,High income,2007,1.6703
Netherlands,NLD,High income,2008,1.62269
Netherlands,NLD,High income,2009,1.6657
Netherlands,NLD,High income,2010,1.70404
Netherlands,NLD,High income,2011,1.88131
Netherlands,NLD,High income,2012,1.91627
Netherlands,NLD,High income,2013,1.92987
Netherlands,NLD,High income,2014,1.97568
Netherlands,NLD,High income,2015,1.98487
Netherlands,NLD,High income,2016,1.99685
Netherlands,NLD,High income,2017,1.98308
Norway,NOR,High income,2000,1.56231
Norway,NOR,High income,2001,1.56231
Norway,NOR,High income,2002,1.63058
Norway,NOR,High income,2003,1.68036
Norway,NOR,High income,2004,1.54506
Norway,NOR,High income,2005,1.48317
Norway,NOR,High income,2006,1.45598
Norway,NOR,High income,2007,1.56401
Norway,NOR,High income,2008,1.55346
Norway,NOR,High income,2009,1.72279
Norway,NOR,High income,2010,1.64855
Norway,NOR,High income,2011,1.62534
Norway,NOR,High income,2012,1.61858
Norway,NOR,High income,2013,1.65004
Norway,NOR,High income,2014,1.71187
Norway,NOR,High income,2015,1.93095
Norway,NOR,High income,2016,2.03074
Norway,NOR,High income,2017,2.09343
Panama,PAN,High income,2000,0.36264
Panama,PAN,High income,2001,0.36074
Panama,PAN,High income,2002,0.3422
Panama,PAN,High income,2003,0.32109
Panama,PAN,High income,2004,0.22646
Panama,PAN,High income,2005,0.23183
Panama,PAN,High income,2006,0.23537
Panama,PAN,High income,2007,0.18172
Panama,PAN,High income,2008,0.19065
Panama,PAN,High income,2009,0.1321
Panama,PAN,High income,2010,0.14453
Panama,PAN,High income,2011,0.17304
Panama,PAN,High income,2012,0.07534
Panama,PAN,High income,2013,0.06206
Panama,PAN,High income,2014,0.14052
Panama,PAN,High income,2015,0.12033
Panama,PAN,High income,2016,0.14481
Panama,PAN,High income,2017,0.14699
Poland,POL,High income,2000,0.64202
Poland,POL,High income,2001,0.62284
Poland,POL,High income,2002,0.55785
Poland,POL,High income,2003,0.53884
Poland,POL,High income,2004,0.55251
Poland,POL,High income,2005,0.56281
Poland,POL,High income,2006,0.55082
Poland,POL,High income,2007,0.56189
Poland,POL,High income,2008,0.59921
Poland,POL,High income,2009,0.66097
Poland,POL,High income,2010,0.7207
Poland,POL,High income,2011,0.74588
Poland,POL,High income,2012,0.88086
Poland,POL,High income,2013,0.87053
Poland,POL,High income,2014,0.93978
Poland,POL,High income,2015,1.00325
Poland,POL,High income,2016,0.9641
Poland,POL,High income,2017,1.03445
Portugal,PRT,High income,2000,0.72127
Portugal,PRT,High income,2001,0.76452
Portugal,PRT,High income,2002,0.72144
Portugal,PRT,High income,2003,0.69759
Portugal,PRT,High income,2004,0.72871
Portugal,PRT,High income,2005,0.75707
Portugal,PRT,High income,2006,0.95455
Portugal,PRT,High income,2007,1.12427
Portugal,PRT,High income,2008,1.4452
Portugal,PRT,High income,2009,1.57973
Portugal,PRT,High income,2010,1.53257
Portugal,PRT,High income,2011,1.45683
Portugal,PRT,High income,2012,1.37777
Portugal,PRT,High income,2013,1.32641
Portugal,PRT,High income,2014,1.28973
Portugal,PRT,High income,2015,1.24263
Portugal,PRT,High income,2016,1.28081
Portugal,PRT,High income,2017,1.32833
Romania,ROU,High income,2000,0.36626
Romania,ROU,High income,2001,0.39129
Romania,ROU,High income,2002,0.37721
Romania,ROU,High income,2003,0.39708
Romania,ROU,High income,2004,0.38942
Romania,ROU,High income,2005,0.41262
Romania,ROU,High income,2006,0.45682
Romania,ROU,High income,2007,0.51148
Romania,ROU,High income,2008,0.55215
Romania,ROU,High income,2009,0.44395
Romania,ROU,High income,2010,0.45688
Romania,ROU,High income,2011,0.49832
Romania,ROU,High income,2012,0.48383
Romania,ROU,High income,2013,0.38787
Romania,ROU,High income,2014,0.38225
Romania,ROU,High income,2015,0.48793
Romania,ROU,High income,2016,0.48033
Romania,ROU,High income,2017,0.5039
Russian Federation,RUS,Upper middle income,2000,1.04983
Russian Federation,RUS,Upper middle income,2001,1.17694
Russian Federation,RUS,Upper middle income,2002,1.24652
Russian Federation,RUS,Upper middle income,2003,1.28603
Russian Federation,RUS,Upper middle income,2004,1.15133
Russian Federation,RUS,Upper middle income,2005,1.06797
Russian Federation,RUS,Upper middle income,2006,1.07294
Russian Federation,RUS,Upper middle income,2007,1.11611
Russian Federation,RUS,Upper middle income,2008,1.04435
Russian Federation,RUS,Upper middle income,2009,1.25192
Russian Federation,RUS,Upper middle income,2010,1.1302
Russian Federation,RUS,Upper middle income,2011,1.01261
Russian Federation,RUS,Upper middle income,2012,1.02675
Russian Federation,RUS,Upper middle income,2013,1.02524
Russian Federation,RUS,Upper middle income,2014,1.07203
Russian Federation,RUS,Upper middle income,2015,1.10076
Russian Federation,RUS,Upper middle income,2016,1.09728
Russian Federation,RUS,Upper middle income,2017,1.10656
Singapore,SGP,High income,2000,1.81699
Singapore,SGP,High income,2001,2.00931
Singapore,SGP,High income,2002,2.03282
Singapore,SGP,High income,2003,1.99679
Singapore,SGP,High income,2004,2.07859
Singapore,SGP,High income,2005,2.14812
Singapore,SGP,High income,2006,2.11661
Singapore,SGP,High income,2007,2.31988
Singapore,SGP,High income,2008,2.59674
Singapore,SGP,High income,2009,2.12924
Singapore,SGP,High income,2010,1.93137
Singapore,SGP,High income,2011,2.07065
Singapore,SGP,High income,2012,1.91939
Singapore,SGP,High income,2013,1.92335
Singapore,SGP,High income,2014,2.08464
Singapore,SGP,High income,2015,2.18198
Singapore,SGP,High income,2016,2.0801
Singapore,SGP,High income,2017,1.94431
El Salvador,SLV,Lower middle income,2000,0.1056
El Salvador,SLV,Lower middle income,2001,0.1056
El Salvador,SLV,Lower middle income,2002,0.1056
El Salvador,SLV,Lower middle income,2003,0.1056
El Salvador,SLV,Lower middle income,2004,0.1056
El Salvador,SLV,Lower middle income,2005,0.1056
El Salvador,SLV,Lower middle income,2006,0.1056
El Salvador,SLV,Lower middle income,2007,0.1056
El Salvador,SLV,Lower middle income,2008,0.13399
El Salvador,SLV,Lower middle income,2009,0.0909
El Salvador,SLV,Lower middle income,2010,0.07806
El Salvador,SLV,Lower middle income,2011,0.0355
El Salvador,SLV,Lower middle income,2012,0.03397
El Salvador,SLV,Lower middle income,2013,0.06387
El Salvador,SLV,Lower middle income,2014,0.09377
El Salvador,SLV,Lower middle income,2015,0.14348
El Salvador,SLV,Lower middle income,2016,0.14515
El Salvador,SLV,Lower middle income,2017,0.18115
Serbia,SRB,Upper middle income,2000,0.89807
Serbia,SRB,Upper middle income,2001,0.32119
Serbia,SRB,Upper middle income,2002,0.67954
Serbia,SRB,Upper middle income,2003,0.52138
Serbia,SRB,Upper middle income,2004,0.30444
Serbia,SRB,Upper middle income,2005,0.3953
Serbia,SRB,Upper middle income,2006,0.43985
Serbia,SRB,Upper middle income,2007,0.57877
Serbia,SRB,Upper middle income,2008,0.66966
Serbia,SRB,Upper middle income,2009,0.8173
Serbia,SRB,Upper middle income,2010,0.70228
Serbia,SRB,Upper middle income,2011,0.68334
Serbia,SRB,Upper middle income,2012,0.85316
Serbia,SRB,Upper middle income,2013,0.68367
Serbia,SRB,Upper middle income,2014,0.72309
Serbia,SRB,Upper middle income,2015,0.81146
Serbia,SRB,Upper middle income,2016,0.83951
Serbia,SRB,Upper middle income,2017,0.87353
Slovak Republic,SVK,High income,2000,0.63927
Slovak Republic,SVK,High income,2001,0.62565
Slovak Republic,SVK,High income,2002,0.56389
Slovak Republic,SVK,High income,2003,0.56247
Slovak Republic,SVK,High income,2004,0.50149
Slovak Republic,SVK,High income,2005,0.49401
Slovak Republic,SVK,High income,2006,0.47563
Slovak Republic,SVK,High income,2007,0.44824
Slovak Republic,SVK,High income,2008,0.46204
Slovak Republic,SVK,High income,2009,0.47326
Slovak Republic,SVK,High income,2010,0.61614
Slovak Republic,SVK,High income,2011,0.66326
Slovak Republic,SVK,High income,2012,0.80495
Slovak Republic,SVK,High income,2013,0.82362
Slovak Republic,SVK,High income,2014,0.88008
Slovak Republic,SVK,High income,2015,1.17171
Slovak Republic,SVK,High income,2016,0.78895
Slovak Republic,SVK,High income,2017,0.88267
Slovenia,SVN,High income,2000,1.3563
Slovenia,SVN,High income,2001,1.46773
Slovenia,SVN,High income,2002,1.43874
Slovenia,SVN,High income,2003,1.24528
Slovenia,SVN,High income,2004,1.36806
Slovenia,SVN,High income,2005,1.41229
Slovenia,SVN,High income,2006,1.53291
Slovenia,SVN,High income,2007,1.42382
Slovenia,SVN,High income,2008,1.62564
Slovenia,SVN,High income,2009,1.81629
Slovenia,SVN,High income,2010,2.05763
Slovenia,SVN,High income,2011,2.42358
Slovenia,SVN,High income,2012,2.57319
Slovenia,SVN,High income,2013,2.5801
Slovenia,SVN,High income,2014,2.36743
Slovenia,SVN,High income,2015,2.19504
Slovenia,SVN,High income,2016,2.01191
Slovenia,SVN,High income,2017,1.86581
Sweden,SWE,High income,2000,3.90785
Sweden,SWE,High income,2001,3.90785
Sweden,SWE,High income,2002,3.90785
Sweden,SWE,High income,2003,3.60977
Sweden,SWE,High income,2004,3.38737
Sweden,SWE,High income,2005,3.38312
Sweden,SWE,High income,2006,3.49609
Sweden,SWE,High income,2007,3.25273
Sweden,SWE,High income,2008,3.49104
Sweden,SWE,High income,2009,3.44598
Sweden,SWE,High income,2010,3.21262
Sweden,SWE,High income,2011,3.24522
Sweden,SWE,High income,2012,3.27772
Sweden,SWE,High income,2013,3.30252
Sweden,SWE,High income,2014,3.14261
Sweden,SWE,High income,2015,3.26418
Sweden,SWE,High income,2016,3.26923
Sweden,SWE,High income,2017,3.39676
Tajikistan,TJK,Low income,2000,0.08953
Tajikistan,TJK,Low income,2001,0.08953
Tajikistan,TJK,Low income,2002,0.07068
Tajikistan,TJK,Low income,2003,0.06885
Tajikistan,TJK,Low income,2004,0.06697
Tajikistan,TJK,Low income,2005,0.0957
Tajikistan,TJK,Low income,2006,0.10732
Tajikistan,TJK,Low income,2007,0.06778
Tajikistan,TJK,Low income,2008,0.06983
Tajikistan,TJK,Low income,2009,0.08577
Tajikistan,TJK,Low income,2010,0.08914
Tajikistan,TJK,Low income,2011,0.12148
Tajikistan,TJK,Low income,2012,0.11432
Tajikistan,TJK,Low income,2013,0.11851
Tajikistan,TJK,Low income,2014,0.11624
Tajikistan,TJK,Low income,2015,0.10888
Tajikistan,TJK,Low income,2016,0.10683
Tajikistan,TJK,Low income,2017,0.11536
Trinidad and Tobago,TTO,High income,2000,0.108
Trinidad and Tobago,TTO,High income,2001,0.10417
Trinidad and Tobago,TTO,High income,2002,0.13178
Trinidad and Tobago,TTO,High income,2003,0.11501
Trinidad and Tobago,TTO,High income,2004,0.11441
Trinidad and Tobago,TTO,High income,2005,0.11431
Trinidad and Tobago,TTO,High income,2006,0.07233
Trinidad and Tobago,TTO,High income,2007,0.05922
Trinidad and Tobago,TTO,High income,2008,0.03072
Trinidad and Tobago,TTO,High income,2009,0.05665
Trinidad and Tobago,TTO,High income,2010,0.04771
Trinidad and Tobago,TTO,High income,2011,0.04024
Trinidad and Tobago,TTO,High income,2012,0.04377
Trinidad and Tobago,TTO,High income,2013,0.057
Trinidad and Tobago,TTO,High income,2014,0.08213
Trinidad and Tobago,TTO,High income,2015,0.08602
Trinidad and Tobago,TTO,High income,2016,0.0941
Trinidad and Tobago,TTO,High income,2017,0.09204
Turkey,TUR,Upper middle income,2000,0.46783
Turkey,TUR,Upper middle income,2001,0.52638
Turkey,TUR,Upper middle income,2002,0.51294
Turkey,TUR,Upper middle income,2003,0.46945
Turkey,TUR,Upper middle income,2004,0.50215
Turkey,TUR,Upper middle income,2005,0.56931
Turkey,TUR,Upper middle income,2006,0.55749
Turkey,TUR,Upper middle income,2007,0.69182
Turkey,TUR,Upper middle income,2008,0.69292
Turkey,TUR,Upper middle income,2009,0.8094
Turkey,TUR,Upper middle income,2010,0.79892
Turkey,TUR,Upper middle income,2011,0.79988
Turkey,TUR,Upper middle income,2012,0.83217
Turkey,TUR,Upper middle income,2013,0.81821
Turkey,TUR,Upper middle income,2014,0.86077
Turkey,TUR,Upper middle income,2015,0.8815
Turkey,TUR,Upper middle income,2016,0.94464
Turkey,TUR,Upper middle income,2017,0.96105
Ukraine,UKR,Lower middle income,2000,0.96213
Ukraine,UKR,Lower middle income,2001,1.02429
Ukraine,UKR,Lower middle income,2002,0.99917
Ukraine,UKR,Lower middle income,2003,1.11287
Ukraine,UKR,Lower middle income,2004,1.08258
Ukraine,UKR,Lower middle income,2005,1.03197
Ukraine,UKR,Lower middle income,2006,0.95
Ukraine,UKR,Lower middle income,2007,0.85403
Ukraine,UKR,Lower middle income,2008,0.84727
Ukraine,UKR,Lower middle income,2009,0.85727
Ukraine,UKR,Lower middle income,2010,0.83346
Ukraine,UKR,Lower middle income,2011,0.7378
Ukraine,UKR,Lower middle income,2012,0.75167
Ukraine,UKR,Lower middle income,2013,0.76175
Ukraine,UKR,Lower middle income,2014,0.65034
Ukraine,UKR,Lower middle income,2015,0.61477
Ukraine,UKR,Lower middle income,2016,0.48339
Ukraine,UKR,Lower middle income,2017,0.44839
Uruguay,URY,High income,2000,0.20925
Uruguay,URY,High income,2001,0.23818
Uruguay,URY,High income,2002,0.23818
Uruguay,URY,High income,2003,0.23818
Uruguay,URY,High income,2004,0.23818
Uruguay,URY,High income,2005,0.23818
Uruguay,URY,High income,2006,0.36539
Uruguay,URY,High income,2007,0.42472
Uruguay,URY,High income,2008,0.37973
Uruguay,URY,High income,2009,0.41252
Uruguay,URY,High income,2010,0.34115
Uruguay,URY,High income,2011,0.3487
Uruguay,URY,High income,2012,0.3276
Uruguay,URY,High income,2013,0.32113
Uruguay,URY,High income,2014,0.33579
Uruguay,URY,High income,2015,0.36446
Uruguay,URY,High income,2016,0.40845
Uruguay,URY,High income,2017,0.48393
United States,USA,High income,2000,2.62879
United States,USA,High income,2001,2.6483
United States,USA,High income,2002,2.55926
United States,USA,High income,2003,2.56455
United States,USA,High income,2004,2.50243
United States,USA,High income,2005,2.51697
United States,USA,High income,2006,2.55764
United States,USA,High income,2007,2.63161
United States,USA,High income,2008,2.76791
United States,USA,High income,2009,2.8127
United States,USA,High income,2010,2.7354
United States,USA,High income,2011,2.76525
United States,USA,High income,2012,2.68166
United States,USA,High income,2013,2.70972
United States,USA,High income,2014,2.71924
United States,USA,High income,2015,2.71742
United States,USA,High income,2016,2.76145
United States,USA,High income,2017,2.81741
Uzbekistan,UZB,Lower middle income,2000,0.36063
Uzbekistan,UZB,Lower middle income,2001,0.34544
Uzbekistan,UZB,Lower middle income,2002,0.29356
Uzbekistan,UZB,Lower middle income,2003,0.26825
Uzbekistan,UZB,Lower middle income,2004,0.27041
Uzbekistan,UZB,Lower middle income,2005,0.23741
Uzbekistan,UZB,Lower middle income,2006,0.22395
Uzbekistan,UZB,Lower middle income,2007,0.21721
Uzbekistan,UZB,Lower middle income,2008,0.19354
Uzbekistan,UZB,Lower middle income,2009,0.20315
Uzbekistan,UZB,Lower middle income,2010,0.19523
Uzbekistan,UZB,Lower middle income,2011,0.19499
Uzbekistan,UZB,Lower middle income,2012,0.2021
Uzbekistan,UZB,Lower middle income,2013,0.19662
Uzbekistan,UZB,Lower middle income,2014,0.16172
Uzbekistan,UZB,Lower middle income,2015,0.17373
Uzbekistan,UZB,Lower middle income,2016,0.18156
Uzbekistan,UZB,Lower middle income,2017,0.15566
South Africa,ZAF,Upper middle income,2000,0.71578
South Africa,ZAF,Upper middle income,2001,0.71578
South Africa,ZAF,Upper middle income,2002,0.71578
South Africa,ZAF,Upper middle income,2003,0.76051
South Africa,ZAF,Upper middle income,2004,0.81334
South Africa,ZAF,Upper middle income,2005,0.86315
South Africa,ZAF,Upper middle income,2006,0.89815
South Africa,ZAF,Upper middle income,2007,0.88287
South Africa,ZAF,Upper middle income,2008,0.88816
South Africa,ZAF,Upper middle income,2009,0.83562
South Africa,ZAF,Upper middle income,2010,0.73704
South Africa,ZAF,Upper middle income,2011,0.73451
South Africa,ZAF,Upper middle income,2012,0.73363
South Africa,ZAF,Upper middle income,2013,0.72488
South Africa,ZAF,Upper middle income,2014,0.77115
South Africa,ZAF,Upper middle income,2015,0.79846
South Africa,ZAF,Upper middle income,2016,0.81882
South Africa,ZAF,Upper middle income,2017,0.83215
